{
  "room": {
    "size": { "width": 6, "length": 8, "height": 3 },
    "walls": {
      "north": { "hasWindow": true, "windowSize": { "width": 2, "height": 1.5 } },
      "south": { "hasDoor": true },
      "east": { "hasOutlet": true },
      "west": { "decoration": "poster" }
    }
  },
  "furniture": {
    "desk": {
      "model": "/models/desk.glb",
      "position": { "x": 2, "y": 0, "z": -3 },
      "rotation": { "x": 0, "y": 0, "z": 0 },
      "scale": { "x": 1, "y": 1, "z": 1 },
      "attachments": ["computer", "deskLamp", "coffeeCup"]
    },
    "chair": {
      "model": "/models/office-chair.glb",
      "position": { "x": 1.5, "y": 0, "z": -2.5 },
      "rotation": { "x": 0, "y": 0.3, "z": 0 },
      "scale": { "x": 1, "y": 1, "z": 1 }
    },
    "bed": {
      "model": "/models/single-bed.glb",
      "position": { "x": -2, "y": 0, "z": 2 },
      "rotation": { "x": 0, "y": 1.57, "z": 0 },
      "scale": { "x": 1, "y": 1, "z": 1 },
      "attachments": ["catBasket"]
    },
    "bookshelf": {
      "model": "/models/bookshelf.glb", 
      "position": { "x": -3, "y": 0, "z": -1 },
      "rotation": { "x": 0, "y": 0, "z": 0 },
      "scale": { "x": 1, "y": 1, "z": 1 },
      "attachments": ["books", "plant", "musicPlayer"]
    },
    "computer": {
      "model": "/models/laptop.glb",
      "position": { "x": 2.2, "y": 0.75, "z": -3.2 }, 
      "rotation": { "x": 0, "y": 0.1, "z": 0 },
      "scale": { "x": 0.8, "y": 0.8, "z": 0.8 },
      "parent": "desk"
    },
    "coffeeCup": {
      "model": "/models/coffee-mug.glb",
      "position": { "x": 1.7, "y": 0.76, "z": -2.8 },
      "rotation": { "x": 0, "y": 0, "z": 0 },
      "scale": { "x": 1, "y": 1, "z": 1 },
      "parent": "desk",
      "effects": ["steam"]
    },
    "catBasket": {
      "model": "/models/wicker-basket.glb",
      "position": { "x": -2.5, "y": 0.4, "z": 2.2 }, 
      "rotation": { "x": 0, "y": 0, "z": 0 },
      "scale": { "x": 1, "y": 1, "z": 1 },
      "parent": "bed"
    },
    "books": {
      "model": "/models/book-stack.glb",
      "position": { "x": -3.2, "y": 1.2, "z": -1.1 },
      "rotation": { "x": 0, "y": 0.2, "z": 0 },
      "scale": { "x": 1, "y": 1, "z": 1 },
      "parent": "bookshelf"
    },
    "plant": {
      "model": "/models/small-plant.glb",
      "position": { "x": -2.8, "y": 1.5, "z": -0.8 },
      "rotation": { "x": 0, "y": 0, "z": 0 },
      "scale": { "x": 1, "y": 1, "z": 1 },
      "parent": "bookshelf"
    }
  },
  "lighting": {
    "window": {
      "position": { "x": 0, "y": 1.5, "z": -4 },
      "intensity": 0.8,
      "color": "#87CEEB"
    },
    "ambient": {
      "intensity": 0.3,
      "color": "#404040"
    }
  }
}
